platform,brand,date,text
YouTube,ExampleCo,2026-07-01,"I love how the app recommends products that actually fit my preferences. It feels made for me."
Reddit,ExampleCo,2026-07-02,"The community gave feedback and the company actually changed the feature. Nice collaboration."
App Review,ExampleCo,2026-07-03,"The logo is memorable and this is usually the first brand I think of in this category."
YouTube,ExampleCo,2026-07-04,"Recommendations have become irrelevant lately and the app keeps suggesting things I do not want."
Reddit,ExampleCo,2026-07-05,"Users have been sharing ideas for improvements and the developers reply to us."
App Review,ExampleCo,2026-07-06,"I had heard of this brand everywhere before I finally downloaded it."
YouTube,ExampleCo,2026-07-07,"Great experience overall, quick and easy to use."
Reddit,ExampleCo,2026-07-08,"Customer support ignored my feedback. Very frustrating experience."
App Review,ExampleCo,2026-07-09,"The personalised suggestions save me time every week."
YouTube,ExampleCo,2026-07-10,"Their branding really stands out compared with other apps."
